enabled,min,max,avg
yes,0.0010657310485839844,0.3071746826171875,0.14111303329467773
no,4.909422159194946,5.423584938049316,4.9318417406082152
