enabled,min,max,avg
yes,0.0010657310485839844,0.3071746826171875,0.14111303329467773
